﻿Highest level of qualification,Name,Cons%
    Level 4 qualifications and above,Berwick-upon-Tweed,0.259089343
    Level 4 qualifications and above,Bishop Auckland,0.199911237
    Level 4 qualifications and above,Blaydon,0.229652677
    Level 4 qualifications and above,Blyth Valley,0.186731858
    Level 4 qualifications and above,City of Durham,0.293012754
    Level 4 qualifications and above,Darlington,0.219686491
    Level 4 qualifications and above,Easington,0.152710159
    Level 4 qualifications and above,Gateshead,0.207364116
    Level 4 qualifications and above,Hartlepool,0.175984804
    Level 4 qualifications and above,Hexham,0.358756662
    Level 4 qualifications and above,Houghton and Sunderland South,0.167101536
    Level 4 qualifications and above,Jarrow,0.196565081
    Level 4 qualifications and above,Middlesbrough,0.168592247
    Level 4 qualifications and above,Middlesbrough South and East Cleveland,0.223564516
    Level 4 qualifications and above,Newcastle upon Tyne Central,0.266157313
    Level 4 qualifications and above,Newcastle upon Tyne East,0.281174887
    Level 4 qualifications and above,Newcastle upon Tyne North,0.266439633
    Level 4 qualifications and above,North Durham,0.201858191
    Level 4 qualifications and above,North Tyneside,0.201579805
    Level 4 qualifications and above,North West Durham,0.235334351
    Level 4 qualifications and above,Redcar,0.1684749
    Level 4 qualifications and above,Sedgefield,0.211826456
    Level 4 qualifications and above,South Shields,0.185897813
    Level 4 qualifications and above,Stockton North,0.181414676
    Level 4 qualifications and above,Stockton South,0.271249067
    Level 4 qualifications and above,Sunderland Central,0.213926837
    Level 4 qualifications and above,Tynemouth,0.305935059
    Level 4 qualifications and above,Wansbeck,0.223933298
    Level 4 qualifications and above,Washington and Sunderland West,0.159303826
    Level 4 qualifications and above,Altrincham and Sale West,0.403456233
    Level 4 qualifications and above,Ashton-under-Lyne,0.154254077
    Level 4 qualifications and above,Barrow and Furness,0.222874937
    Level 4 qualifications and above,Birkenhead,0.1993413
    Level 4 qualifications and above,Blackburn,0.181323236
    Level 4 qualifications and above,Blackley and Broughton,0.19789107
    Level 4 qualifications and above,Blackpool North and Cleveleys,0.176020003
    Level 4 qualifications and above,Blackpool South,0.145934092
    Level 4 qualifications and above,Bolton North East,0.217246771
    Level 4 qualifications and above,Bolton South East,0.163785872
    Level 4 qualifications and above,Bolton West,0.27344868
    Level 4 qualifications and above,Bootle,0.165120407
    Level 4 qualifications and above,Burnley,0.187255954
    Level 4 qualifications and above,Bury North,0.260835483
    Level 4 qualifications and above,Bury South,0.253150234
    Level 4 qualifications and above,Carlisle,0.209138741
    Level 4 qualifications and above,Cheadle,0.366554463
    Level 4 qualifications and above,Chorley,0.27774033
    Level 4 qualifications and above,City of Chester,0.337885186
    Level 4 qualifications and above,Congleton,0.310131904
    Level 4 qualifications and above,Copeland,0.231407166
    Level 4 qualifications and above,Crewe and Nantwich,0.241534288
    Level 4 qualifications and above,Denton and Reddish,0.172887875
    Level 4 qualifications and above,Eddisbury,0.300089924
    Level 4 qualifications and above,Ellesmere Port and Neston,0.236642827
    Level 4 qualifications and above,Fylde,0.299921349
    Level 4 qualifications and above,Garston and Halewood,0.219923075
    Level 4 qualifications and above,Halton,0.173900576
    Level 4 qualifications and above,Hazel Grove,0.27908373
    Level 4 qualifications and above,Heywood and Middleton,0.198290048
    Level 4 qualifications and above,Hyndburn,0.195109325
    Level 4 qualifications and above,Knowsley,0.1427287
    Level 4 qualifications and above,Lancaster and Fleetwood,0.265064685
    Level 4 qualifications and above,Leigh,0.201512333
    Level 4 qualifications and above,"Liverpool, Riverside",0.297295166
    Level 4 qualifications and above,"Liverpool, Walton",0.13293213
    Level 4 qualifications and above,"Liverpool, Wavertree",0.26562954
    Level 4 qualifications and above,"Liverpool, West Derby",0.171757409
    Level 4 qualifications and above,Macclesfield,0.349966337
    Level 4 qualifications and above,Makerfield,0.193534623
    Level 4 qualifications and above,Manchester Central,0.29738042
    Level 4 qualifications and above,"Manchester, Gorton",0.260017789
    Level 4 qualifications and above,"Manchester, Withington",0.450512396
    Level 4 qualifications and above,Morecambe and Lunesdale,0.23569164
    Level 4 qualifications and above,Oldham East and Saddleworth,0.216454148
    Level 4 qualifications and above,Oldham West and Royton,0.163666999
    Level 4 qualifications and above,Pendle,0.202339444
    Level 4 qualifications and above,Penrith and The Border,0.268930306
    Level 4 qualifications and above,Preston,0.193065933
    Level 4 qualifications and above,Ribble Valley,0.300344788
    Level 4 qualifications and above,Rochdale,0.189539336
    Level 4 qualifications and above,Rossendale and Darwen,0.248679357
    Level 4 qualifications and above,Salford and Eccles,0.247079381
    Level 4 qualifications and above,Sefton Central,0.293583603
    Level 4 qualifications and above,South Ribble,0.274607196
    Level 4 qualifications and above,Southport,0.269872306
    Level 4 qualifications and above,St Helens North,0.206721133
    Level 4 qualifications and above,St Helens South and Whiston,0.203213311
    Level 4 qualifications and above,Stalybridge and Hyde,0.201324756
    Level 4 qualifications and above,Stockport,0.27260566
    Level 4 qualifications and above,Stretford and Urmston,0.255030727
    Level 4 qualifications and above,Tatton,0.374319458
    Level 4 qualifications and above,Wallasey,0.20156045
    Level 4 qualifications and above,Warrington North,0.227342471
    Level 4 qualifications and above,Warrington South,0.317015829
    Level 4 qualifications and above,Weaver Vale,0.275769632
    Level 4 qualifications and above,West Lancashire,0.251641787
    Level 4 qualifications and above,Westmorland and Lonsdale,0.333248867
    Level 4 qualifications and above,Wigan,0.19800905
    Level 4 qualifications and above,Wirral South,0.307416348
    Level 4 qualifications and above,Wirral West,0.326095291
    Level 4 qualifications and above,Workington,0.208475124
    Level 4 qualifications and above,Worsley and Eccles South,0.202847157
    Level 4 qualifications and above,Wyre and Preston North,0.319687213
    Level 4 qualifications and above,Wythenshawe and Sale East,0.247596757
    Level 4 qualifications and above,Barnsley Central,0.171121694
    Level 4 qualifications and above,Barnsley East,0.14792496
    Level 4 qualifications and above,Batley and Spen,0.192188439
    Level 4 qualifications and above,Beverley and Holderness,0.273343038
    Level 4 qualifications and above,Bradford East,0.156582126
    Level 4 qualifications and above,Bradford South,0.161493863
    Level 4 qualifications and above,Bradford West,0.196863534
    Level 4 qualifications and above,Brigg and Goole,0.206361444
    Level 4 qualifications and above,Calder Valley,0.299422241
    Level 4 qualifications and above,Cleethorpes,0.189701545
    Level 4 qualifications and above,Colne Valley,0.297989509
    Level 4 qualifications and above,Dewsbury,0.225691068
    Level 4 qualifications and above,Don Valley,0.181544111
    Level 4 qualifications and above,Doncaster Central,0.185067
    Level 4 qualifications and above,Doncaster North,0.143159486
    Level 4 qualifications and above,East Yorkshire,0.229313914
    Level 4 qualifications and above,Elmet and Rothwell,0.276389772
    Level 4 qualifications and above,Great Grimsby,0.145017416
    Level 4 qualifications and above,Halifax,0.197565872
    Level 4 qualifications and above,Haltemprice and Howden,0.308335815
    Level 4 qualifications and above,Harrogate and Knaresborough,0.347156683
    Level 4 qualifications and above,Hemsworth,0.184157483
    Level 4 qualifications and above,Huddersfield,0.236837674
    Level 4 qualifications and above,Keighley,0.267090909
    Level 4 qualifications and above,Kingston upon Hull East,0.123390543
    Level 4 qualifications and above,Kingston upon Hull North,0.18938067
    Level 4 qualifications and above,Kingston upon Hull West and Hessle,0.160836753
    Level 4 qualifications and above,Leeds Central,0.219345553
    Level 4 qualifications and above,Leeds East,0.162198594
    Level 4 qualifications and above,Leeds North East,0.406878764
    Level 4 qualifications and above,Leeds North West,0.3331421
    Level 4 qualifications and above,Leeds West,0.219504811
    Level 4 qualifications and above,Morley and Outwood,0.22917753
    Level 4 qualifications and above,"Normanton, Pontefract and Castleford",0.149747501
    Level 4 qualifications and above,Penistone and Stocksbridge,0.244894571
    Level 4 qualifications and above,Pudsey,0.324042389
    Level 4 qualifications and above,Richmond (Yorks),0.296559171
    Level 4 qualifications and above,Rother Valley,0.205416964
    Level 4 qualifications and above,Rotherham,0.143142598
    Level 4 qualifications and above,Scarborough and Whitby,0.230492801
    Level 4 qualifications and above,Scunthorpe,0.168628712
    Level 4 qualifications and above,Selby and Ainsty,0.277974839
    Level 4 qualifications and above,Sheffield Central,0.325991893
    Level 4 qualifications and above,Sheffield South East,0.161015583
    Level 4 qualifications and above,"Sheffield, Brightside and Hillsborough",0.154965429
    Level 4 qualifications and above,"Sheffield, Hallam",0.436236475
    Level 4 qualifications and above,"Sheffield, Heeley",0.21717822
    Level 4 qualifications and above,Shipley,0.316803521
    Level 4 qualifications and above,Skipton and Ripon,0.315389688
    Level 4 qualifications and above,Thirsk and Malton,0.279671702
    Level 4 qualifications and above,Wakefield,0.204958678
    Level 4 qualifications and above,Wentworth and Dearne,0.154963524
    Level 4 qualifications and above,York Central,0.327123493
    Level 4 qualifications and above,York Outer,0.320505442
    Level 4 qualifications and above,Amber Valley,0.187250007
    Level 4 qualifications and above,Ashfield,0.146275281
    Level 4 qualifications and above,Bassetlaw,0.198391736
    Level 4 qualifications and above,Bolsover,0.163240847
    Level 4 qualifications and above,Boston and Skegness,0.14430221
    Level 4 qualifications and above,Bosworth,0.236570312
    Level 4 qualifications and above,Broxtowe,0.30283111
    Level 4 qualifications and above,Charnwood,0.262832883
    Level 4 qualifications and above,Chesterfield,0.216542329
    Level 4 qualifications and above,Corby,0.206558086
    Level 4 qualifications and above,Daventry,0.285635468
    Level 4 qualifications and above,Derby North,0.268654711
    Level 4 qualifications and above,Derby South,0.192618073
    Level 4 qualifications and above,Derbyshire Dales,0.338446321
    Level 4 qualifications and above,Erewash,0.188624001
    Level 4 qualifications and above,Gainsborough,0.25192541
    Level 4 qualifications and above,Gedling,0.243198899
    Level 4 qualifications and above,Grantham and Stamford,0.248000565
    Level 4 qualifications and above,Harborough,0.277365886
    Level 4 qualifications and above,High Peak,0.294076543
    Level 4 qualifications and above,Kettering,0.232672539
    Level 4 qualifications and above,Leicester East,0.18285444
    Level 4 qualifications and above,Leicester South,0.248021851
    Level 4 qualifications and above,Leicester West,0.199432975
    Level 4 qualifications and above,Lincoln,0.218851498
    Level 4 qualifications and above,Loughborough,0.276471155
    Level 4 qualifications and above,Louth and Horncastle,0.197956002
    Level 4 qualifications and above,Mansfield,0.16358487
    Level 4 qualifications and above,Mid Derbyshire,0.312672435
    Level 4 qualifications and above,Newark,0.279819448
    Level 4 qualifications and above,North East Derbyshire,0.221990661
    Level 4 qualifications and above,North West Leicestershire,0.242799277
    Level 4 qualifications and above,Northampton North,0.21462135
    Level 4 qualifications and above,Northampton South,0.228325163
    Level 4 qualifications and above,Nottingham East,0.259942835
    Level 4 qualifications and above,Nottingham North,0.132795728
    Level 4 qualifications and above,Nottingham South,0.252881291
    Level 4 qualifications and above,Rushcliffe,0.399335411
    Level 4 qualifications and above,Rutland and Melton,0.299251358
    Level 4 qualifications and above,Sherwood,0.204559049
    Level 4 qualifications and above,Sleaford and North Hykeham,0.260882881
    Level 4 qualifications and above,South Derbyshire,0.259531024
    Level 4 qualifications and above,South Holland and The Deepings,0.171350646
    Level 4 qualifications and above,South Leicestershire,0.257496957
    Level 4 qualifications and above,South Northamptonshire,0.317625025
    Level 4 qualifications and above,Wellingborough,0.196604574
    Level 4 qualifications and above,Aldridge-Brownhills,0.205290905
    Level 4 qualifications and above,"Birmingham, Edgbaston",0.324341113
    Level 4 qualifications and above,"Birmingham, Erdington",0.168329062
    Level 4 qualifications and above,"Birmingham, Hall Green",0.269642237
    Level 4 qualifications and above,"Birmingham, Hodge Hill",0.120650145
    Level 4 qualifications and above,"Birmingham, Ladywood",0.249074351
    Level 4 qualifications and above,"Birmingham, Northfield",0.196043097
    Level 4 qualifications and above,"Birmingham, Perry Barr",0.191894037
    Level 4 qualifications and above,"Birmingham, Selly Oak",0.268600326
    Level 4 qualifications and above,"Birmingham, Yardley",0.160019713
    Level 4 qualifications and above,Bromsgrove,0.30543271
    Level 4 qualifications and above,Burton,0.22040708
    Level 4 qualifications and above,Cannock Chase,0.172169006
    Level 4 qualifications and above,Coventry North East,0.193042172
    Level 4 qualifications and above,Coventry North West,0.229320681
    Level 4 qualifications and above,Coventry South,0.268078773
    Level 4 qualifications and above,Dudley North,0.169567624
    Level 4 qualifications and above,Dudley South,0.171755784
    Level 4 qualifications and above,Halesowen and Rowley Regis,0.189521885
    Level 4 qualifications and above,Hereford and South Herefordshire,0.251632277
    Level 4 qualifications and above,Kenilworth and Southam,0.379957049
    Level 4 qualifications and above,Lichfield,0.292795856
    Level 4 qualifications and above,Ludlow,0.283546898
    Level 4 qualifications and above,Meriden,0.261621796
    Level 4 qualifications and above,Mid Worcestershire,0.275508112
    Level 4 qualifications and above,Newcastle-under-Lyme,0.226773146
    Level 4 qualifications and above,North Herefordshire,0.301006889
    Level 4 qualifications and above,North Shropshire,0.24901195
    Level 4 qualifications and above,North Warwickshire,0.184383309
    Level 4 qualifications and above,Nuneaton,0.193586698
    Level 4 qualifications and above,Redditch,0.217336579
    Level 4 qualifications and above,Rugby,0.267386875
    Level 4 qualifications and above,Shrewsbury and Atcham,0.292906805
    Level 4 qualifications and above,Solihull,0.310604375
    Level 4 qualifications and above,South Staffordshire,0.245327788
    Level 4 qualifications and above,Stafford,0.284142895
    Level 4 qualifications and above,Staffordshire Moorlands,0.240650381
    Level 4 qualifications and above,Stoke-on-Trent Central,0.171158198
    Level 4 qualifications and above,Stoke-on-Trent North,0.137440452
    Level 4 qualifications and above,Stoke-on-Trent South,0.1581356
    Level 4 qualifications and above,Stone,0.303539949
    Level 4 qualifications and above,Stourbridge,0.21919908
    Level 4 qualifications and above,Stratford-on-Avon,0.335911258
    Level 4 qualifications and above,Sutton Coldfield,0.349027478
    Level 4 qualifications and above,Tamworth,0.196374309
    Level 4 qualifications and above,Telford,0.182749092
    Level 4 qualifications and above,The Wrekin,0.247283979
    Level 4 qualifications and above,Walsall North,0.123116806
    Level 4 qualifications and above,Walsall South,0.182833712
    Level 4 qualifications and above,Warley,0.182626347
    Level 4 qualifications and above,Warwick and Leamington,0.368745016
    Level 4 qualifications and above,West Bromwich East,0.152923452
    Level 4 qualifications and above,West Bromwich West,0.130757381
    Level 4 qualifications and above,West Worcestershire,0.336606513
    Level 4 qualifications and above,Wolverhampton North East,0.150007121
    Level 4 qualifications and above,Wolverhampton South East,0.139103555
    Level 4 qualifications and above,Wolverhampton South West,0.286264405
    Level 4 qualifications and above,Worcester,0.276631254
    Level 4 qualifications and above,Wyre Forest,0.22066757
    Level 4 qualifications and above,Basildon and Billericay,0.205710441
    Level 4 qualifications and above,Bedford,0.251474789
    Level 4 qualifications and above,Braintree,0.220224977
    Level 4 qualifications and above,Brentwood and Ongar,0.287329245
    Level 4 qualifications and above,Broadland,0.240120886
    Level 4 qualifications and above,Broxbourne,0.199355532
    Level 4 qualifications and above,Bury St Edmunds,0.264186436
    Level 4 qualifications and above,Cambridge,0.468105647
    Level 4 qualifications and above,Castle Point,0.146195073
    Level 4 qualifications and above,Central Suffolk and North Ipswich,0.267128339
    Level 4 qualifications and above,Chelmsford,0.296235583
    Level 4 qualifications and above,Clacton,0.134320905
    Level 4 qualifications and above,Colchester,0.269452893
    Level 4 qualifications and above,Epping Forest,0.26257229
    Level 4 qualifications and above,Great Yarmouth,0.142147765
    Level 4 qualifications and above,Harlow,0.184090755
    Level 4 qualifications and above,Harwich and North Essex,0.242507172
    Level 4 qualifications and above,Hemel Hempstead,0.26125933
    Level 4 qualifications and above,Hertford and Stortford,0.339101888
    Level 4 qualifications and above,Hertsmere,0.307962075
    Level 4 qualifications and above,Hitchin and Harpenden,0.431407208
    Level 4 qualifications and above,Huntingdon,0.285065989
    Level 4 qualifications and above,Ipswich,0.217623011
    Level 4 qualifications and above,Luton North,0.218118356
    Level 4 qualifications and above,Luton South,0.228100748
    Level 4 qualifications and above,Maldon,0.241879685
    Level 4 qualifications and above,Mid Bedfordshire,0.30985968
    Level 4 qualifications and above,Mid Norfolk,0.213225799
    Level 4 qualifications and above,North East Bedfordshire,0.300792551
    Level 4 qualifications and above,North East Cambridgeshire,0.158854308
    Level 4 qualifications and above,North East Hertfordshire,0.311957004
    Level 4 qualifications and above,North Norfolk,0.226235375
    Level 4 qualifications and above,North West Cambridgeshire,0.25521261
    Level 4 qualifications and above,North West Norfolk,0.194955168
    Level 4 qualifications and above,Norwich North,0.197950378
    Level 4 qualifications and above,Norwich South,0.306621823
    Level 4 qualifications and above,Peterborough,0.177277244
    Level 4 qualifications and above,Rayleigh and Wickford,0.199227325
    Level 4 qualifications and above,Rochford and Southend East,0.194575867
    Level 4 qualifications and above,Saffron Walden,0.313007932
    Level 4 qualifications and above,South Basildon and East Thurrock,0.155917989
    Level 4 qualifications and above,South Cambridgeshire,0.417600254
    Level 4 qualifications and above,South East Cambridgeshire,0.343394921
    Level 4 qualifications and above,South Norfolk,0.274624281
    Level 4 qualifications and above,South Suffolk,0.259728001
    Level 4 qualifications and above,South West Bedfordshire,0.243501935
    Level 4 qualifications and above,South West Hertfordshire,0.382173252
    Level 4 qualifications and above,South West Norfolk,0.177189888
    Level 4 qualifications and above,Southend West,0.237448219
    Level 4 qualifications and above,St Albans,0.444793403
    Level 4 qualifications and above,Stevenage,0.23894158
    Level 4 qualifications and above,Suffolk Coastal,0.269277152
    Level 4 qualifications and above,Thurrock,0.181220469
    Level 4 qualifications and above,Watford,0.316246847
    Level 4 qualifications and above,Waveney,0.170701921
    Level 4 qualifications and above,Welwyn Hatfield,0.299021886
    Level 4 qualifications and above,West Suffolk,0.201962299
    Level 4 qualifications and above,Witham,0.237987446
    Level 4 qualifications and above,Barking,0.217514471
    Level 4 qualifications and above,Battersea,0.573905826
    Level 4 qualifications and above,Beckenham,0.354889835
    Level 4 qualifications and above,Bermondsey and Old Southwark,0.445038815
    Level 4 qualifications and above,Bethnal Green and Bow,0.395962505
    Level 4 qualifications and above,Bexleyheath and Crayford,0.203440248
    Level 4 qualifications and above,Brent Central,0.297944856
    Level 4 qualifications and above,Brent North,0.329275239
    Level 4 qualifications and above,Brentford and Isleworth,0.42797579
    Level 4 qualifications and above,Bromley and Chislehurst,0.331228766
    Level 4 qualifications and above,Camberwell and Peckham,0.376044879
    Level 4 qualifications and above,Carshalton and Wallington,0.272494086
    Level 4 qualifications and above,Chelsea and Fulham,0.53694134
    Level 4 qualifications and above,Chingford and Woodford Green,0.293787699
    Level 4 qualifications and above,Chipping Barnet,0.392691875
    Level 4 qualifications and above,Cities of London and Westminster,0.545304457
    Level 4 qualifications and above,Croydon Central,0.296266923
    Level 4 qualifications and above,Croydon North,0.305379853
    Level 4 qualifications and above,Croydon South,0.353162027
    Level 4 qualifications and above,Dagenham and Rainham,0.175976098
    Level 4 qualifications and above,Dulwich and West Norwood,0.475975976
    Level 4 qualifications and above,Ealing Central and Acton,0.483573399
    Level 4 qualifications and above,Ealing North,0.303572947
    Level 4 qualifications and above,"Ealing, Southall",0.308483489
    Level 4 qualifications and above,East Ham,0.29788449
    Level 4 qualifications and above,Edmonton,0.22328176
    Level 4 qualifications and above,Eltham,0.278101004
    Level 4 qualifications and above,Enfield North,0.259153035
    Level 4 qualifications and above,"Enfield, Southgate",0.382013739
    Level 4 qualifications and above,Erith and Thamesmead,0.249006287
    Level 4 qualifications and above,Feltham and Heston,0.258374519
    Level 4 qualifications and above,Finchley and Golders Green,0.465108788
    Level 4 qualifications and above,Greenwich and Woolwich,0.400241116
    Level 4 qualifications and above,Hackney North and Stoke Newington,0.421390858
    Level 4 qualifications and above,Hackney South and Shoreditch,0.41469021
    Level 4 qualifications and above,Hammersmith,0.474587545
    Level 4 qualifications and above,Hampstead and Kilburn,0.540127141
    Level 4 qualifications and above,Harrow East,0.32728409
    Level 4 qualifications and above,Harrow West,0.384825651
    Level 4 qualifications and above,Hayes and Harlington,0.229914152
    Level 4 qualifications and above,Hendon,0.351609182
    Level 4 qualifications and above,Holborn and St Pancras,0.451851722
    Level 4 qualifications and above,Hornchurch and Upminster,0.199540383
    Level 4 qualifications and above,Hornsey and Wood Green,0.519550023
    Level 4 qualifications and above,Ilford North,0.30050678
    Level 4 qualifications and above,Ilford South,0.324850086
    Level 4 qualifications and above,Islington North,0.48760967
    Level 4 qualifications and above,Islington South and Finsbury,0.47360369
    Level 4 qualifications and above,Kensington,0.521854546
    Level 4 qualifications and above,Kingston and Surbiton,0.386458182
    Level 4 qualifications and above,Lewisham East,0.343112357
    Level 4 qualifications and above,Lewisham West and Penge,0.373863813
    Level 4 qualifications and above,"Lewisham, Deptford",0.416301154
    Level 4 qualifications and above,Leyton and Wanstead,0.363015664
    Level 4 qualifications and above,Mitcham and Morden,0.282287124
    Level 4 qualifications and above,Old Bexley and Sidcup,0.226240155
    Level 4 qualifications and above,Orpington,0.283797412
    Level 4 qualifications and above,Poplar and Limehouse,0.424602395
    Level 4 qualifications and above,Putney,0.51593286
    Level 4 qualifications and above,Richmond Park,0.55184653
    Level 4 qualifications and above,Romford,0.20626293
    Level 4 qualifications and above,"Ruislip, Northwood and Pinner",0.392980482
    Level 4 qualifications and above,Streatham,0.465596722
    Level 4 qualifications and above,Sutton and Cheam,0.328566228
    Level 4 qualifications and above,Tooting,0.514006396
    Level 4 qualifications and above,Tottenham,0.293498748
    Level 4 qualifications and above,Twickenham,0.495353077
    Level 4 qualifications and above,Uxbridge and South Ruislip,0.277284984
    Level 4 qualifications and above,Vauxhall,0.487194388
    Level 4 qualifications and above,Walthamstow,0.313090418
    Level 4 qualifications and above,West Ham,0.30470611
    Level 4 qualifications and above,Westminster North,0.472540058
    Level 4 qualifications and above,Wimbledon,0.5442493
    Level 4 qualifications and above,Aldershot,0.249924747
    Level 4 qualifications and above,Arundel and South Downs,0.329537393
    Level 4 qualifications and above,Ashford,0.242879703
    Level 4 qualifications and above,Aylesbury,0.299706354
    Level 4 qualifications and above,Banbury,0.273295509
    Level 4 qualifications and above,Basingstoke,0.280138403
    Level 4 qualifications and above,Beaconsfield,0.37013808
    Level 4 qualifications and above,Bexhill and Battle,0.258996313
    Level 4 qualifications and above,Bognor Regis and Littlehampton,0.201475479
    Level 4 qualifications and above,Bracknell,0.304996343
    Level 4 qualifications and above,"Brighton, Kemptown",0.27026322
    Level 4 qualifications and above,"Brighton, Pavilion",0.403933641
    Level 4 qualifications and above,Buckingham,0.357451803
    Level 4 qualifications and above,Canterbury,0.297010335
    Level 4 qualifications and above,Chatham and Aylesford,0.180875996
    Level 4 qualifications and above,Chesham and Amersham,0.409601108
    Level 4 qualifications and above,Chichester,0.323915607
    Level 4 qualifications and above,Crawley,0.215425375
    Level 4 qualifications and above,Dartford,0.223240884
    Level 4 qualifications and above,Dover,0.206597375
    Level 4 qualifications and above,East Hampshire,0.341172045
    Level 4 qualifications and above,East Surrey,0.314182109
    Level 4 qualifications and above,East Worthing and Shoreham,0.236824669
    Level 4 qualifications and above,Eastbourne,0.24426581
    Level 4 qualifications and above,Eastleigh,0.259966164
    Level 4 qualifications and above,Epsom and Ewell,0.364443066
    Level 4 qualifications and above,Esher and Walton,0.428413133
    Level 4 qualifications and above,Fareham,0.294749835
    Level 4 qualifications and above,Faversham and Mid Kent,0.253172717
    Level 4 qualifications and above,Folkestone and Hythe,0.222266483
    Level 4 qualifications and above,Gillingham and Rainham,0.190960109
    Level 4 qualifications and above,Gosport,0.230293052
    Level 4 qualifications and above,Gravesham,0.199644286
    Level 4 qualifications and above,Guildford,0.406394422
    Level 4 qualifications and above,Hastings and Rye,0.218216233
    Level 4 qualifications and above,Havant,0.221529715
    Level 4 qualifications and above,Henley,0.386815293
    Level 4 qualifications and above,Horsham,0.321508799
    Level 4 qualifications and above,Hove,0.384301424
    Level 4 qualifications and above,Isle of Wight,0.226345067
    Level 4 qualifications and above,Lewes,0.314203769
    Level 4 qualifications and above,Maidenhead,0.394844377
    Level 4 qualifications and above,Maidstone and The Weald,0.271860448
    Level 4 qualifications and above,Meon Valley,0.318149148
    Level 4 qualifications and above,Mid Sussex,0.334777873
    Level 4 qualifications and above,Milton Keynes North,0.294859633
    Level 4 qualifications and above,Milton Keynes South,0.269799594
    Level 4 qualifications and above,Mole Valley,0.384759541
    Level 4 qualifications and above,New Forest East,0.258213438
    Level 4 qualifications and above,New Forest West,0.287594539
    Level 4 qualifications and above,Newbury,0.324510422
    Level 4 qualifications and above,North East Hampshire,0.388518007
    Level 4 qualifications and above,North Thanet,0.194747667
    Level 4 qualifications and above,North West Hampshire,0.283277037
    Level 4 qualifications and above,Oxford East,0.377429704
    Level 4 qualifications and above,Oxford West and Abingdon,0.43416191
    Level 4 qualifications and above,Portsmouth North,0.207273388
    Level 4 qualifications and above,Portsmouth South,0.262282724
    Level 4 qualifications and above,Reading East,0.383679192
    Level 4 qualifications and above,Reading West,0.2768984
    Level 4 qualifications and above,Reigate,0.360813359
    Level 4 qualifications and above,Rochester and Strood,0.205235281
    Level 4 qualifications and above,Romsey and Southampton North,0.341027246
    Level 4 qualifications and above,Runnymede and Weybridge,0.338226708
    Level 4 qualifications and above,Sevenoaks,0.324814015
    Level 4 qualifications and above,Sittingbourne and Sheppey,0.165254336
    Level 4 qualifications and above,Slough,0.259036914
    Level 4 qualifications and above,South Thanet,0.219210281
    Level 4 qualifications and above,South West Surrey,0.407473417
    Level 4 qualifications and above,"Southampton, Itchen",0.207090349
    Level 4 qualifications and above,"Southampton, Test",0.269242719
    Level 4 qualifications and above,Spelthorne,0.259473165
    Level 4 qualifications and above,Surrey Heath,0.333075181
    Level 4 qualifications and above,Tonbridge and Malling,0.303701336
    Level 4 qualifications and above,Tunbridge Wells,0.34904139
    Level 4 qualifications and above,Wantage,0.348922593
    Level 4 qualifications and above,Wealden,0.302208263
    Level 4 qualifications and above,Winchester,0.409859508
    Level 4 qualifications and above,Windsor,0.376635353
    Level 4 qualifications and above,Witney,0.329097899
    Level 4 qualifications and above,Woking,0.380351035
    Level 4 qualifications and above,Wokingham,0.406341281
    Level 4 qualifications and above,Worthing West,0.254752994
    Level 4 qualifications and above,Wycombe,0.313691589
    Level 4 qualifications and above,Bath,0.37950649
    Level 4 qualifications and above,Bournemouth East,0.280800207
    Level 4 qualifications and above,Bournemouth West,0.234291056
    Level 4 qualifications and above,Bridgwater and West Somerset,0.216710508
    Level 4 qualifications and above,Bristol East,0.230792173
    Level 4 qualifications and above,Bristol North West,0.323705216
    Level 4 qualifications and above,Bristol South,0.242607044
    Level 4 qualifications and above,Bristol West,0.471817017
    Level 4 qualifications and above,Camborne and Redruth,0.222267977
    Level 4 qualifications and above,Central Devon,0.308944527
    Level 4 qualifications and above,Cheltenham,0.367228971
    Level 4 qualifications and above,Chippenham,0.298951478
    Level 4 qualifications and above,Christchurch,0.248852875
    Level 4 qualifications and above,Devizes,0.285196104
    Level 4 qualifications and above,East Devon,0.310824494
    Level 4 qualifications and above,Exeter,0.278775126
    Level 4 qualifications and above,Filton and Bradley Stoke,0.296465375
    Level 4 qualifications and above,Forest of Dean,0.245942467
    Level 4 qualifications and above,Gloucester,0.218390163
    Level 4 qualifications and above,Kingswood,0.221779473
    Level 4 qualifications and above,Mid Dorset and North Poole,0.270556114
    Level 4 qualifications and above,Newton Abbot,0.255028415
    Level 4 qualifications and above,North Cornwall,0.229563378
    Level 4 qualifications and above,North Devon,0.229160743
    Level 4 qualifications and above,North Dorset,0.275136051
    Level 4 qualifications and above,North East Somerset,0.28566601
    Level 4 qualifications and above,North Somerset,0.340298211
    Level 4 qualifications and above,North Swindon,0.208178177
    Level 4 qualifications and above,North Wiltshire,0.321083363
    Level 4 qualifications and above,"Plymouth, Moor View",0.156515697
    Level 4 qualifications and above,"Plymouth, Sutton and Devonport",0.245909544
    Level 4 qualifications and above,Poole,0.263225774
    Level 4 qualifications and above,Salisbury,0.321968681
    Level 4 qualifications and above,Somerton and Frome,0.288712792
    Level 4 qualifications and above,South Dorset,0.241097672
    Level 4 qualifications and above,South East Cornwall,0.263278407
    Level 4 qualifications and above,South Swindon,0.246661649
    Level 4 qualifications and above,South West Devon,0.281348038
    Level 4 qualifications and above,South West Wiltshire,0.251408531
    Level 4 qualifications and above,St Austell and Newquay,0.205535585
    Level 4 qualifications and above,St Ives,0.266492617
    Level 4 qualifications and above,Stroud,0.320603397
    Level 4 qualifications and above,Taunton Deane,0.281303754
    Level 4 qualifications and above,Tewkesbury,0.296700988
    Level 4 qualifications and above,The Cotswolds,0.343799393
    Level 4 qualifications and above,Thornbury and Yate,0.281007494
    Level 4 qualifications and above,Tiverton and Honiton,0.252997942
    Level 4 qualifications and above,Torbay,0.207395796
    Level 4 qualifications and above,Torridge and West Devon,0.253034018
    Level 4 qualifications and above,Totnes,0.287614226
    Level 4 qualifications and above,Truro and Falmouth,0.316785786
    Level 4 qualifications and above,Wells,0.2649461
    Level 4 qualifications and above,West Dorset,0.308424945
    Level 4 qualifications and above,Weston-Super-Mare,0.229960055
    Level 4 qualifications and above,Yeovil,0.230263908
    Level 4 qualifications and above,Belfast East,0.274004871
    Level 4 qualifications and above,Belfast North,0.186568079
    Level 4 qualifications and above,Belfast South,0.389900132
    Level 4 qualifications and above,Belfast West,0.14950662
    Level 4 qualifications and above,East Antrim,0.238815871
    Level 4 qualifications and above,East Londonderry,0.221820937
    Level 4 qualifications and above,Fermanagh and South Tyrone,0.212383314
    Level 4 qualifications and above,Foyle,0.218223339
    Level 4 qualifications and above,Lagan Valley,0.280698063
    Level 4 qualifications and above,Mid Ulster,0.205260667
    Level 4 qualifications and above,Newry and Armagh,0.213301564
    Level 4 qualifications and above,North Antrim,0.208841729
    Level 4 qualifications and above,North Down,0.302664366
    Level 4 qualifications and above,South Antrim,0.242919953
    Level 4 qualifications and above,South Down,0.238913176
    Level 4 qualifications and above,Strangford,0.230701583
    Level 4 qualifications and above,Upper Bann,0.214983324
    Level 4 qualifications and above,West Tyrone,0.202364621
    Level 4 qualifications and above,Aberdeen North,0.289610329
    Level 4 qualifications and above,Aberdeen South,0.402956209
    Level 4 qualifications and above,Airdrie and Shotts,0.154853676
    Level 4 qualifications and above,Angus,0.210476016
    Level 4 qualifications and above,Argyll and Bute,0.28857604
    Level 4 qualifications and above,"Ayr, Carrick and Cumnock",0.210096463
    Level 4 qualifications and above,Banff and Buchan,0.186467484
    Level 4 qualifications and above,"Berwickshire, Roxburgh and Selkirk",0.250088643
    Level 4 qualifications and above,"Caithness, Sutherland and Easter Ross",0.211143809
    Level 4 qualifications and above,Central Ayrshire,0.215457638
    Level 4 qualifications and above,"Coatbridge, Chryston and Bellshill",0.17043263
    Level 4 qualifications and above,"Cumbernauld, Kilsyth and Kirkintilloch East",0.198313976
    Level 4 qualifications and above,Dumfries and Galloway,0.220215893
    Level 4 qualifications and above,"Dumfriesshire, Clydesdale and Tweeddale",0.248370045
    Level 4 qualifications and above,Dundee East,0.264374045
    Level 4 qualifications and above,Dundee West,0.253069156
    Level 4 qualifications and above,Dunfermline and West Fife,0.246953014
    Level 4 qualifications and above,East Dunbartonshire,0.382658874
    Level 4 qualifications and above,"East Kilbride, Strathaven and Lesmahagow",0.225289868
    Level 4 qualifications and above,East Lothian,0.269839312
    Level 4 qualifications and above,East Renfrewshire,0.352386719
    Level 4 qualifications and above,Edinburgh East,0.352447957
    Level 4 qualifications and above,Edinburgh North and Leith,0.49508858
    Level 4 qualifications and above,Edinburgh South,0.469119361
    Level 4 qualifications and above,Edinburgh South West,0.386288242
    Level 4 qualifications and above,Edinburgh West,0.362034719
    Level 4 qualifications and above,Falkirk,0.21232969
    Level 4 qualifications and above,Glasgow Central,0.345629661
    Level 4 qualifications and above,Glasgow East,0.12740778
    Level 4 qualifications and above,Glasgow North,0.405778517
    Level 4 qualifications and above,Glasgow North East,0.16704219
    Level 4 qualifications and above,Glasgow North West,0.292270191
    Level 4 qualifications and above,Glasgow South,0.314481857
    Level 4 qualifications and above,Glasgow South West,0.162347123
    Level 4 qualifications and above,Glenrothes,0.1582993
    Level 4 qualifications and above,Gordon,0.282465034
    Level 4 qualifications and above,Inverclyde,0.197437752
    Level 4 qualifications and above,"Inverness, Nairn, Badenoch and Strathspey",0.281492312
    Level 4 qualifications and above,Kilmarnock and Loudoun,0.19169834
    Level 4 qualifications and above,Kirkcaldy and Cowdenbeath,0.213906709
    Level 4 qualifications and above,Lanark and Hamilton East,0.236412441
    Level 4 qualifications and above,Linlithgow and East Falkirk,0.214557108
    Level 4 qualifications and above,Livingston,0.199450644
    Level 4 qualifications and above,Midlothian,0.210508404
    Level 4 qualifications and above,Moray,0.22705276
    Level 4 qualifications and above,Motherwell and Wishaw,0.174507072
    Level 4 qualifications and above,Na h-Eileanan an Iar,0.264148483
    Level 4 qualifications and above,North Ayrshire and Arran,0.213982379
    Level 4 qualifications and above,North East Fife,0.339162869
    Level 4 qualifications and above,Ochil and South Perthshire,0.277001534
    Level 4 qualifications and above,Orkney and Shetland,0.265877701
    Level 4 qualifications and above,Paisley and Renfrewshire North,0.23598592
    Level 4 qualifications and above,Paisley and Renfrewshire South,0.225139353
    Level 4 qualifications and above,Perth and North Perthshire,0.286868736
    Level 4 qualifications and above,"Ross, Skye and Lochaber",0.285377443
    Level 4 qualifications and above,Rutherglen and Hamilton West,0.196517856
    Level 4 qualifications and above,Stirling,0.333023494
    Level 4 qualifications and above,West Aberdeenshire and Kincardine,0.33289639
    Level 4 qualifications and above,West Dunbartonshire,0.16513651
    Level 4 qualifications and above,Aberavon,0.166161644
    Level 4 qualifications and above,Aberconwy,0.271321432
    Level 4 qualifications and above,Alyn and Deeside,0.212639717
    Level 4 qualifications and above,Arfon,0.278945043
    Level 4 qualifications and above,Blaenau Gwent,0.151584934
    Level 4 qualifications and above,Brecon and Radnorshire,0.278420989
    Level 4 qualifications and above,Bridgend,0.266178285
    Level 4 qualifications and above,Caerphilly,0.205658747
    Level 4 qualifications and above,Cardiff Central,0.334589972
    Level 4 qualifications and above,Cardiff North,0.373553742
    Level 4 qualifications and above,Cardiff South and Penarth,0.293895576
    Level 4 qualifications and above,Cardiff West,0.315629135
    Level 4 qualifications and above,Carmarthen East and Dinefwr,0.258936177
    Level 4 qualifications and above,Carmarthen West and Pembrokeshire South,0.249773076
    Level 4 qualifications and above,Ceredigion,0.279230817
    Level 4 qualifications and above,Clwyd South,0.223055084
    Level 4 qualifications and above,Clwyd West,0.259354186
    Level 4 qualifications and above,Cynon Valley,0.173531422
    Level 4 qualifications and above,Delyn,0.238077731
    Level 4 qualifications and above,Dwyfor Meirionnydd,0.250024443
    Level 4 qualifications and above,Gower,0.316617857
    Level 4 qualifications and above,Islwyn,0.180763883
    Level 4 qualifications and above,Llanelli,0.209821835
    Level 4 qualifications and above,Merthyr Tydfil and Rhymney,0.163747094
    Level 4 qualifications and above,Monmouth,0.339262767
    Level 4 qualifications and above,Montgomeryshire,0.246711281
    Level 4 qualifications and above,Neath,0.207305425
    Level 4 qualifications and above,Newport East,0.205071985
    Level 4 qualifications and above,Newport West,0.265234073
    Level 4 qualifications and above,Ogmore,0.179629232
    Level 4 qualifications and above,Pontypridd,0.258398327
    Level 4 qualifications and above,Preseli Pembrokeshire,0.253851434
    Level 4 qualifications and above,Rhondda,0.140060957
    Level 4 qualifications and above,Swansea East,0.17867386
    Level 4 qualifications and above,Swansea West,0.279178877
    Level 4 qualifications and above,Torfaen,0.192868497
    Level 4 qualifications and above,Vale of Clwyd,0.217778853
    Level 4 qualifications and above,Vale of Glamorgan,0.272285128
    Level 4 qualifications and above,Wrexham,0.237882177
    Level 4 qualifications and above,Ynys Môn,0.260804975
