﻿Cars in the household  ,Name,NVFraction
No cars or vans in household,York Outer,0.154
No cars or vans in household,York Central,0.3515
No cars or vans in household,Ynys Môn,0.1803
No cars or vans in household,Yeovil,0.1669
No cars or vans in household,Wythenshawe and Sale East,0.3352
No cars or vans in household,Wyre Forest,0.1841
No cars or vans in household,Wyre and Preston North,0.1339
No cars or vans in household,Wycombe,0.1579
No cars or vans in household,Wrexham,0.2369
No cars or vans in household,Worthing West,0.2329
No cars or vans in household,Worsley and Eccles South,0.2915
No cars or vans in household,Workington,0.2182
No cars or vans in household,Worcester,0.2243
No cars or vans in household,Wolverhampton South West,0.2907
No cars or vans in household,Wolverhampton South East,0.357
No cars or vans in household,Wolverhampton North East,0.3517
No cars or vans in household,Wokingham,0.0912
No cars or vans in household,Woking,0.1465
No cars or vans in household,Witney,0.1194
No cars or vans in household,Witham,0.1493
No cars or vans in household,Wirral West,0.1963
No cars or vans in household,Wirral South,0.1872
No cars or vans in household,Windsor,0.1231
No cars or vans in household,Winchester,0.1585
No cars or vans in household,Wimbledon,0.2989
No cars or vans in household,Wigan,0.2835
No cars or vans in household,Weston-Super-Mare,0.2213
No cars or vans in household,Westmorland and Lonsdale,0.1532
No cars or vans in household,Westminster North,0.618
No cars or vans in household,West Worcestershire,0.1323
No cars or vans in household,West Tyrone,0.1956
No cars or vans in household,West Suffolk,0.1483
No cars or vans in household,West Lancashire,0.2156
No cars or vans in household,West Ham,0.5523
No cars or vans in household,West Dunbartonshire,0.3796
No cars or vans in household,West Dorset,0.1594
No cars or vans in household,West Bromwich West,0.3273
No cars or vans in household,West Bromwich East,0.3413
No cars or vans in household,West Aberdeenshire and Kincardine,0.102
No cars or vans in household,Wentworth and Dearne,0.2747
No cars or vans in household,Welwyn Hatfield,0.2091
No cars or vans in household,Wells,0.1575
No cars or vans in household,Wellingborough,0.1998
No cars or vans in household,Weaver Vale,0.1834
No cars or vans in household,Wealden,0.1164
No cars or vans in household,Waveney,0.2246
No cars or vans in household,Watford,0.2024
No cars or vans in household,Washington and Sunderland West,0.3385
No cars or vans in household,Warwick and Leamington,0.2122
No cars or vans in household,Warrington South,0.1643
No cars or vans in household,Warrington North,0.2242
No cars or vans in household,Warley,0.3703
No cars or vans in household,Wantage,0.1237
No cars or vans in household,Wansbeck,0.2767
No cars or vans in household,Walthamstow,0.4702
No cars or vans in household,Walsall South,0.3262
No cars or vans in household,Walsall North,0.332
No cars or vans in household,Wallasey,0.309
No cars or vans in household,Wakefield,0.2819
No cars or vans in household,Vauxhall,0.647
No cars or vans in household,Vale of Glamorgan,0.1976
No cars or vans in household,Vale of Clwyd,0.235
No cars or vans in household,Uxbridge and South Ruislip,0.228
No cars or vans in household,Upper Bann,0.211
No cars or vans in household,Tynemouth,0.2782
No cars or vans in household,Twickenham,0.2245
No cars or vans in household,Tunbridge Wells,0.1789
No cars or vans in household,Truro and Falmouth,0.1874
No cars or vans in household,Tottenham,0.5889
No cars or vans in household,Totnes,0.1789
No cars or vans in household,Torridge and West Devon,0.1514
No cars or vans in household,Torfaen,0.2383
No cars or vans in household,Torbay,0.2713
No cars or vans in household,Tooting,0.4386
No cars or vans in household,Tonbridge and Malling,0.14
No cars or vans in household,Tiverton and Honiton,0.1529
No cars or vans in household,Thurrock,0.2228
No cars or vans in household,Thornbury and Yate,0.1037
No cars or vans in household,Thirsk and Malton,0.1468
No cars or vans in household,The Wrekin,0.1716
No cars or vans in household,The Cotswolds,0.1262
No cars or vans in household,Tewkesbury,0.1405
No cars or vans in household,Telford,0.2315
No cars or vans in household,Taunton Deane,0.1746
No cars or vans in household,Tatton,0.1313
No cars or vans in household,Tamworth,0.1864
No cars or vans in household,Swansea West,0.325
No cars or vans in household,Swansea East,0.2829
No cars or vans in household,Sutton Coldfield,0.1601
No cars or vans in household,Sutton and Cheam,0.2293
No cars or vans in household,Surrey Heath,0.101
No cars or vans in household,Sunderland Central,0.3859
No cars or vans in household,Suffolk Coastal,0.1589
No cars or vans in household,Stroud,0.1403
No cars or vans in household,Stretford and Urmston,0.2766
No cars or vans in household,Streatham,0.5246
No cars or vans in household,Stratford-on-Avon,0.1359
No cars or vans in household,Strangford,0.159
No cars or vans in household,Stourbridge,0.2023
No cars or vans in household,Stone,0.1238
No cars or vans in household,Stoke-on-Trent South,0.2625
No cars or vans in household,Stoke-on-Trent North,0.2901
No cars or vans in household,Stoke-on-Trent Central,0.3532
No cars or vans in household,Stockton South,0.1998
No cars or vans in household,Stockton North,0.3222
No cars or vans in household,Stockport,0.3096
No cars or vans in household,Stirling,0.2229
No cars or vans in household,Stevenage,0.2135
No cars or vans in household,Stalybridge and Hyde,0.2705
No cars or vans in household,Staffordshire Moorlands,0.1472
No cars or vans in household,Stafford,0.194
No cars or vans in household,St Ives,0.2156
No cars or vans in household,St Helens South and Whiston,0.2872
No cars or vans in household,St Helens North,0.2558
No cars or vans in household,St Austell and Newquay,0.1711
No cars or vans in household,St Albans,0.1493
No cars or vans in household,Spelthorne,0.1483
No cars or vans in household,Southport,0.2468
No cars or vans in household,Southend West,0.2213
No cars or vans in household,"Southampton, Test",0.3125
No cars or vans in household,"Southampton, Itchen",0.2844
No cars or vans in household,South West Wiltshire,0.1634
No cars or vans in household,South West Surrey,0.1196
No cars or vans in household,South West Norfolk,0.1486
No cars or vans in household,South West Hertfordshire,0.136
No cars or vans in household,South West Devon,0.1251
No cars or vans in household,South West Bedfordshire,0.165
No cars or vans in household,South Thanet,0.2834
No cars or vans in household,South Swindon,0.2422
No cars or vans in household,South Suffolk,0.1405
No cars or vans in household,South Staffordshire,0.1363
No cars or vans in household,South Shields,0.4091
No cars or vans in household,South Ribble,0.143
No cars or vans in household,South Northamptonshire,0.0915
No cars or vans in household,South Norfolk,0.1099
No cars or vans in household,South Leicestershire,0.1234
No cars or vans in household,South Holland and The Deepings,0.143
No cars or vans in household,South East Cornwall,0.1545
No cars or vans in household,South East Cambridgeshire,0.1295
No cars or vans in household,South Down,0.1534
No cars or vans in household,South Dorset,0.2175
No cars or vans in household,South Derbyshire,0.1346
No cars or vans in household,South Cambridgeshire,0.1136
No cars or vans in household,South Basildon and East Thurrock,0.2057
No cars or vans in household,South Antrim,0.1595
No cars or vans in household,Somerton and Frome,0.1188
No cars or vans in household,Solihull,0.1701
No cars or vans in household,Slough,0.2377
No cars or vans in household,Sleaford and North Hykeham,0.1266
No cars or vans in household,Skipton and Ripon,0.151
No cars or vans in household,Sittingbourne and Sheppey,0.2024
No cars or vans in household,Shrewsbury and Atcham,0.1872
No cars or vans in household,Shipley,0.2177
No cars or vans in household,Sherwood,0.1944
No cars or vans in household,"Sheffield, Heeley",0.3541
No cars or vans in household,"Sheffield, Hallam",0.1786
No cars or vans in household,"Sheffield, Brightside and Hillsborough",0.4009
No cars or vans in household,Sheffield South East,0.2889
No cars or vans in household,Sheffield Central,0.4626
No cars or vans in household,Sevenoaks,0.1329
No cars or vans in household,Selby and Ainsty,0.1392
No cars or vans in household,Sefton Central,0.1677
No cars or vans in household,Sedgefield,0.2431
No cars or vans in household,Scunthorpe,0.2586
No cars or vans in household,Scarborough and Whitby,0.2964
No cars or vans in household,Salisbury,0.1748
No cars or vans in household,Salford and Eccles,0.4102
No cars or vans in household,Saffron Walden,0.1043
No cars or vans in household,Rutland and Melton,0.1321
No cars or vans in household,Rutherglen and Hamilton West,0.3431
No cars or vans in household,Rushcliffe,0.1548
No cars or vans in household,Runnymede and Weybridge,0.1377
No cars or vans in household,"Ruislip, Northwood and Pinner",0.1643
No cars or vans in household,Rugby,0.183
No cars or vans in household,Rotherham,0.3394
No cars or vans in household,Rother Valley,0.2018
No cars or vans in household,Rossendale and Darwen,0.2231
No cars or vans in household,"Ross, Skye and Lochaber",0.1727
No cars or vans in household,Romsey and Southampton North,0.1474
No cars or vans in household,Romford,0.2275
No cars or vans in household,Rochford and Southend East,0.3069
No cars or vans in household,Rochester and Strood,0.1967
No cars or vans in household,Rochdale,0.3246
No cars or vans in household,Richmond Park,0.2635
No cars or vans in household,Richmond (Yorks),0.1376
No cars or vans in household,Ribble Valley,0.1368
No cars or vans in household,Rhondda,0.3278
No cars or vans in household,Reigate,0.1403
No cars or vans in household,Redditch,0.1928
No cars or vans in household,Redcar,0.3064
No cars or vans in household,Reading West,0.227
No cars or vans in household,Reading East,0.2543
No cars or vans in household,Rayleigh and Wickford,0.1391
No cars or vans in household,Putney,0.4174
No cars or vans in household,Pudsey,0.1963
No cars or vans in household,Preston,0.3967
No cars or vans in household,Preseli Pembrokeshire,0.176
No cars or vans in household,Portsmouth South,0.4048
No cars or vans in household,Portsmouth North,0.2517
No cars or vans in household,Poplar and Limehouse,0.596
No cars or vans in household,Poole,0.1952
No cars or vans in household,Pontypridd,0.2114
No cars or vans in household,"Plymouth, Sutton and Devonport",0.3548
No cars or vans in household,"Plymouth, Moor View",0.2628
No cars or vans in household,Peterborough,0.2798
No cars or vans in household,Perth and North Perthshire,0.2481
No cars or vans in household,Penrith and The Border,0.1387
No cars or vans in household,Penistone and Stocksbridge,0.1887
No cars or vans in household,Pendle,0.2679
No cars or vans in household,Paisley and Renfrewshire South,0.389
No cars or vans in household,Paisley and Renfrewshire North,0.2954
No cars or vans in household,Oxford West and Abingdon,0.199
No cars or vans in household,Oxford East,0.3413
No cars or vans in household,Orpington,0.1747
No cars or vans in household,Orkney and Shetland,0.1875
No cars or vans in household,Oldham West and Royton,0.3372
No cars or vans in household,Oldham East and Saddleworth,0.2903
No cars or vans in household,Old Bexley and Sidcup,0.1945
No cars or vans in household,Ogmore,0.2308
No cars or vans in household,Ochil and South Perthshire,0.1936
No cars or vans in household,Nuneaton,0.2198
No cars or vans in household,Nottingham South,0.409
No cars or vans in household,Nottingham North,0.4247
No cars or vans in household,Nottingham East,0.4768
No cars or vans in household,Norwich South,0.3347
No cars or vans in household,Norwich North,0.223
No cars or vans in household,Northampton South,0.2818
No cars or vans in household,Northampton North,0.2551
No cars or vans in household,North Wiltshire,0.1087
No cars or vans in household,North West Norfolk,0.1881
No cars or vans in household,North West Leicestershire,0.1564
No cars or vans in household,North West Hampshire,0.1431
No cars or vans in household,North West Durham,0.2439
No cars or vans in household,North West Cambridgeshire,0.1519
No cars or vans in household,North Warwickshire,0.186
No cars or vans in household,North Tyneside,0.3516
No cars or vans in household,North Thanet,0.2486
No cars or vans in household,North Swindon,0.1905
No cars or vans in household,North Somerset,0.1172
No cars or vans in household,North Shropshire,0.1497
No cars or vans in household,North Norfolk,0.1665
No cars or vans in household,North Herefordshire,0.1228
No cars or vans in household,North East Somerset,0.1355
No cars or vans in household,North East Hertfordshire,0.1495
No cars or vans in household,North East Hampshire,0.0786
No cars or vans in household,North East Fife,0.2112
No cars or vans in household,North East Derbyshire,0.1905
No cars or vans in household,North East Cambridgeshire,0.1729
No cars or vans in household,North East Bedfordshire,0.112
No cars or vans in household,North Durham,0.2791
No cars or vans in household,North Down,0.1753
No cars or vans in household,North Dorset,0.1055
No cars or vans in household,North Devon,0.1902
No cars or vans in household,North Cornwall,0.1486
No cars or vans in household,North Ayrshire and Arran,0.3128
No cars or vans in household,North Antrim,0.1717
No cars or vans in household,"Normanton, Pontefract and Castleford",0.2877
No cars or vans in household,Newton Abbot,0.1872
No cars or vans in household,Newry and Armagh,0.1814
No cars or vans in household,Newport West,0.2673
No cars or vans in household,Newport East,0.2652
No cars or vans in household,Newcastle-under-Lyme,0.2457
No cars or vans in household,Newcastle upon Tyne North,0.3111
No cars or vans in household,Newcastle upon Tyne East,0.4521
No cars or vans in household,Newcastle upon Tyne Central,0.4898
No cars or vans in household,Newbury,0.133
No cars or vans in household,Newark,0.1723
No cars or vans in household,New Forest West,0.1434
No cars or vans in household,New Forest East,0.1232
No cars or vans in household,Neath,0.2337
No cars or vans in household,Na h-Eileanan an Iar,0.2283
No cars or vans in household,Motherwell and Wishaw,0.3467
No cars or vans in household,Morley and Outwood,0.2054
No cars or vans in household,Morecambe and Lunesdale,0.2412
No cars or vans in household,Moray,0.1989
No cars or vans in household,Montgomeryshire,0.1486
No cars or vans in household,Monmouth,0.1594
No cars or vans in household,Mole Valley,0.1115
No cars or vans in household,Mitcham and Morden,0.3528
No cars or vans in household,Milton Keynes South,0.186
No cars or vans in household,Milton Keynes North,0.1926
No cars or vans in household,Midlothian,0.2483
No cars or vans in household,Middlesbrough South and East Cleveland,0.2539
No cars or vans in household,Middlesbrough,0.4292
No cars or vans in household,Mid Worcestershire,0.1348
No cars or vans in household,Mid Ulster,0.1467
No cars or vans in household,Mid Sussex,0.1455
No cars or vans in household,Mid Norfolk,0.1399
No cars or vans in household,Mid Dorset and North Poole,0.1202
No cars or vans in household,Mid Derbyshire,0.1521
No cars or vans in household,Mid Bedfordshire,0.0988
No cars or vans in household,Merthyr Tydfil and Rhymney,0.3034
No cars or vans in household,Meriden,0.2223
No cars or vans in household,Meon Valley,0.1106
No cars or vans in household,Mansfield,0.252
No cars or vans in household,"Manchester, Withington",0.3034
No cars or vans in household,"Manchester, Gorton",0.4528
No cars or vans in household,Manchester Central,0.5521
No cars or vans in household,Maldon,0.1201
No cars or vans in household,Makerfield,0.2063
No cars or vans in household,Maidstone and The Weald,0.1694
No cars or vans in household,Maidenhead,0.114
No cars or vans in household,Macclesfield,0.1626
No cars or vans in household,Luton South,0.3166
No cars or vans in household,Luton North,0.2154
No cars or vans in household,Ludlow,0.1345
No cars or vans in household,Louth and Horncastle,0.162
No cars or vans in household,Loughborough,0.207
No cars or vans in household,Llanelli,0.2331
No cars or vans in household,Livingston,0.2436
No cars or vans in household,"Liverpool, West Derby",0.4131
No cars or vans in household,"Liverpool, Wavertree",0.4429
No cars or vans in household,"Liverpool, Walton",0.5111
No cars or vans in household,"Liverpool, Riverside",0.5344
No cars or vans in household,Linlithgow and East Falkirk,0.2516
No cars or vans in household,Lincoln,0.2767
No cars or vans in household,Lichfield,0.1375
No cars or vans in household,Leyton and Wanstead,0.4374
No cars or vans in household,"Lewisham, Deptford",0.5513
No cars or vans in household,Lewisham West and Penge,0.434
No cars or vans in household,Lewisham East,0.4196
No cars or vans in household,Lewes,0.1987
No cars or vans in household,Leigh,0.235
No cars or vans in household,Leicester West,0.3813
No cars or vans in household,Leicester South,0.3998
No cars or vans in household,Leicester East,0.319
No cars or vans in household,Leeds West,0.3855
No cars or vans in household,Leeds North West,0.2542
No cars or vans in household,Leeds North East,0.2606
No cars or vans in household,Leeds East,0.4075
No cars or vans in household,Leeds Central,0.5431
No cars or vans in household,Lancaster and Fleetwood,0.2709
No cars or vans in household,Lanark and Hamilton East,0.2598
No cars or vans in household,Lagan Valley,0.1582
No cars or vans in household,Knowsley,0.3986
No cars or vans in household,Kirkcaldy and Cowdenbeath,0.2935
No cars or vans in household,Kingswood,0.1416
No cars or vans in household,Kingston upon Hull West and Hessle,0.4101
No cars or vans in household,Kingston upon Hull North,0.394
No cars or vans in household,Kingston upon Hull East,0.3808
No cars or vans in household,Kingston and Surbiton,0.2589
No cars or vans in household,Kilmarnock and Loudoun,0.2818
No cars or vans in household,Kettering,0.1876
No cars or vans in household,Kensington,0.5748
No cars or vans in household,Kenilworth and Southam,0.1081
No cars or vans in household,Keighley,0.2432
No cars or vans in household,Jarrow,0.3538
No cars or vans in household,Islwyn,0.2302
No cars or vans in household,Islington South and Finsbury,0.6645
No cars or vans in household,Islington North,0.6283
No cars or vans in household,Isle of Wight,0.2253
No cars or vans in household,Ipswich,0.287
No cars or vans in household,"Inverness, Nairn, Badenoch and Strathspey",0.2207
No cars or vans in household,Inverclyde,0.383
No cars or vans in household,Ilford South,0.3357
No cars or vans in household,Ilford North,0.2347
No cars or vans in household,Hyndburn,0.2775
No cars or vans in household,Huntingdon,0.1565
No cars or vans in household,Huddersfield,0.3549
No cars or vans in household,Hove,0.3483
No cars or vans in household,Houghton and Sunderland South,0.3249
No cars or vans in household,Horsham,0.1227
No cars or vans in household,Hornsey and Wood Green,0.4534
No cars or vans in household,Hornchurch and Upminster,0.2276
No cars or vans in household,Holborn and St Pancras,0.6632
No cars or vans in household,Hitchin and Harpenden,0.1326
No cars or vans in household,High Peak,0.196
No cars or vans in household,Heywood and Middleton,0.3032
No cars or vans in household,Hexham,0.1513
No cars or vans in household,Hertsmere,0.1702
No cars or vans in household,Hertford and Stortford,0.1423
No cars or vans in household,Hereford and South Herefordshire,0.1997
No cars or vans in household,Henley,0.0996
No cars or vans in household,Hendon,0.3059
No cars or vans in household,Hemsworth,0.2585
No cars or vans in household,Hemel Hempstead,0.1853
No cars or vans in household,Hazel Grove,0.1907
No cars or vans in household,Hayes and Harlington,0.2702
No cars or vans in household,Havant,0.2194
No cars or vans in household,Hastings and Rye,0.3039
No cars or vans in household,Harwich and North Essex,0.1612
No cars or vans in household,Hartlepool,0.3529
No cars or vans in household,Harrow West,0.2747
No cars or vans in household,Harrow East,0.215
No cars or vans in household,Harrogate and Knaresborough,0.192
No cars or vans in household,Harlow,0.2305
No cars or vans in household,Harborough,0.1577
No cars or vans in household,Hampstead and Kilburn,0.5321
No cars or vans in household,Hammersmith,0.592
No cars or vans in household,Halton,0.2763
No cars or vans in household,Haltemprice and Howden,0.1306
No cars or vans in household,Halifax,0.3184
No cars or vans in household,Halesowen and Rowley Regis,0.2417
No cars or vans in household,Hackney South and Shoreditch,0.6647
No cars or vans in household,Hackney North and Stoke Newington,0.628
No cars or vans in household,Guildford,0.1626
No cars or vans in household,Greenwich and Woolwich,0.4975
No cars or vans in household,Great Yarmouth,0.272
No cars or vans in household,Great Grimsby,0.3666
No cars or vans in household,Gravesham,0.2287
No cars or vans in household,Grantham and Stamford,0.1811
No cars or vans in household,Gower,0.1609
No cars or vans in household,Gosport,0.2136
No cars or vans in household,Gordon,0.1266
No cars or vans in household,Gloucester,0.2352
No cars or vans in household,Glenrothes,0.282
No cars or vans in household,Glasgow South West,0.4931
No cars or vans in household,Glasgow South,0.4175
No cars or vans in household,Glasgow North West,0.4673
No cars or vans in household,Glasgow North East,0.5815
No cars or vans in household,Glasgow North,0.4989
No cars or vans in household,Glasgow East,0.5008
No cars or vans in household,Glasgow Central,0.5872
No cars or vans in household,Gillingham and Rainham,0.224
No cars or vans in household,Gedling,0.2324
No cars or vans in household,Gateshead,0.4423
No cars or vans in household,Garston and Halewood,0.3514
No cars or vans in household,Gainsborough,0.1509
No cars or vans in household,Fylde,0.1857
No cars or vans in household,Foyle,0.3252
No cars or vans in household,Forest of Dean,0.1394
No cars or vans in household,Folkestone and Hythe,0.2294
No cars or vans in household,Finchley and Golders Green,0.3229
No cars or vans in household,Filton and Bradley Stoke,0.1437
No cars or vans in household,Fermanagh and South Tyrone,0.1627
No cars or vans in household,Feltham and Heston,0.2886
No cars or vans in household,Faversham and Mid Kent,0.1599
No cars or vans in household,Fareham,0.1356
No cars or vans in household,Falkirk,0.2474
No cars or vans in household,Exeter,0.2833
No cars or vans in household,Esher and Walton,0.1204
No cars or vans in household,Erith and Thamesmead,0.362
No cars or vans in household,Erewash,0.2412
No cars or vans in household,Epsom and Ewell,0.1325
No cars or vans in household,Epping Forest,0.1706
No cars or vans in household,"Enfield, Southgate",0.2676
No cars or vans in household,Enfield North,0.2939
No cars or vans in household,Eltham,0.3128
No cars or vans in household,Elmet and Rothwell,0.1712
No cars or vans in household,Ellesmere Port and Neston,0.1937
No cars or vans in household,Edmonton,0.407
No cars or vans in household,Edinburgh West,0.279
No cars or vans in household,Edinburgh South West,0.412
No cars or vans in household,Edinburgh South,0.3328
No cars or vans in household,Edinburgh North and Leith,0.4378
No cars or vans in household,Edinburgh East,0.5008
No cars or vans in household,Eddisbury,0.1297
No cars or vans in household,Eastleigh,0.1397
No cars or vans in household,Eastbourne,0.2783
No cars or vans in household,East Yorkshire,0.2063
No cars or vans in household,East Worthing and Shoreham,0.2116
No cars or vans in household,East Surrey,0.1253
No cars or vans in household,East Renfrewshire,0.186
No cars or vans in household,East Lothian,0.2348
No cars or vans in household,East Londonderry,0.2026
No cars or vans in household,"East Kilbride, Strathaven and Lesmahagow",0.2519
No cars or vans in household,East Hampshire,0.1183
No cars or vans in household,East Ham,0.4823
No cars or vans in household,East Dunbartonshire,0.1651
No cars or vans in household,East Devon,0.1674
No cars or vans in household,East Antrim,0.2051
No cars or vans in household,Easington,0.3243
No cars or vans in household,"Ealing, Southall",0.3473
No cars or vans in household,Ealing North,0.3055
No cars or vans in household,Ealing Central and Acton,0.4001
No cars or vans in household,Dwyfor Meirionnydd,0.1952
No cars or vans in household,Dunfermline and West Fife,0.23
No cars or vans in household,Dundee West,0.4416
No cars or vans in household,Dundee East,0.3061
No cars or vans in household,"Dumfriesshire, Clydesdale and Tweeddale",0.1972
No cars or vans in household,Dumfries and Galloway,0.2267
No cars or vans in household,Dulwich and West Norwood,0.4922
No cars or vans in household,Dudley South,0.2327
No cars or vans in household,Dudley North,0.2679
No cars or vans in household,Dover,0.2477
No cars or vans in household,Doncaster North,0.2846
No cars or vans in household,Doncaster Central,0.3088
No cars or vans in household,Don Valley,0.236
No cars or vans in household,Dewsbury,0.2341
No cars or vans in household,Devizes,0.1325
No cars or vans in household,Derbyshire Dales,0.143
No cars or vans in household,Derby South,0.3453
No cars or vans in household,Derby North,0.2849
No cars or vans in household,Denton and Reddish,0.2796
No cars or vans in household,Delyn,0.1688
No cars or vans in household,Daventry,0.1182
No cars or vans in household,Dartford,0.1866
No cars or vans in household,Darlington,0.3055
No cars or vans in household,Dagenham and Rainham,0.3188
No cars or vans in household,Cynon Valley,0.2968
No cars or vans in household,"Cumbernauld, Kilsyth and Kirkintilloch East",0.2961
No cars or vans in household,Croydon South,0.2121
No cars or vans in household,Croydon North,0.4181
No cars or vans in household,Croydon Central,0.3564
No cars or vans in household,Crewe and Nantwich,0.213
No cars or vans in household,Crawley,0.2244
No cars or vans in household,Coventry South,0.3319
No cars or vans in household,Coventry North West,0.282
No cars or vans in household,Coventry North East,0.3503
No cars or vans in household,Corby,0.1978
No cars or vans in household,Copeland,0.2239
No cars or vans in household,Congleton,0.1336
No cars or vans in household,Colne Valley,0.2254
No cars or vans in household,Colchester,0.2518
No cars or vans in household,"Coatbridge, Chryston and Bellshill",0.3225
No cars or vans in household,Clwyd West,0.1897
No cars or vans in household,Clwyd South,0.2028
No cars or vans in household,Cleethorpes,0.222
No cars or vans in household,Clacton,0.2622
No cars or vans in household,City of Durham,0.2519
No cars or vans in household,City of Chester,0.2456
No cars or vans in household,Cities of London and Westminster,0.6444
No cars or vans in household,Christchurch,0.1529
No cars or vans in household,Chorley,0.179
No cars or vans in household,Chipping Barnet,0.2305
No cars or vans in household,Chippenham,0.1538
No cars or vans in household,Chingford and Woodford Green,0.2437
No cars or vans in household,Chichester,0.1625
No cars or vans in household,Chesterfield,0.272
No cars or vans in household,Chesham and Amersham,0.1088
No cars or vans in household,Cheltenham,0.2261
No cars or vans in household,Chelsea and Fulham,0.497
No cars or vans in household,Chelmsford,0.1879
No cars or vans in household,Cheadle,0.1349
No cars or vans in household,Chatham and Aylesford,0.2017
No cars or vans in household,Charnwood,0.1347
No cars or vans in household,Ceredigion,0.1839
No cars or vans in household,Central Suffolk and North Ipswich,0.128
No cars or vans in household,Central Devon,0.112
No cars or vans in household,Central Ayrshire,0.2808
No cars or vans in household,Castle Point,0.1678
No cars or vans in household,Carshalton and Wallington,0.2391
No cars or vans in household,Carmarthen West and Pembrokeshire South,0.1825
No cars or vans in household,Carmarthen East and Dinefwr,0.1394
No cars or vans in household,Carlisle,0.2759
No cars or vans in household,Cardiff West,0.296
No cars or vans in household,Cardiff South and Penarth,0.2988
No cars or vans in household,Cardiff North,0.1854
No cars or vans in household,Cardiff Central,0.344
No cars or vans in household,Canterbury,0.2401
No cars or vans in household,Cannock Chase,0.202
No cars or vans in household,Cambridge,0.3426
No cars or vans in household,Camborne and Redruth,0.1712
No cars or vans in household,Camberwell and Peckham,0.5907
No cars or vans in household,Calder Valley,0.2311
No cars or vans in household,"Caithness, Sutherland and Easter Ross",0.2188
No cars or vans in household,Caerphilly,0.2394
No cars or vans in household,Bury St Edmunds,0.1539
No cars or vans in household,Bury South,0.2432
No cars or vans in household,Bury North,0.2347
No cars or vans in household,Burton,0.227
No cars or vans in household,Burnley,0.3228
No cars or vans in household,Buckingham,0.0971
No cars or vans in household,Broxtowe,0.21
No cars or vans in household,Broxbourne,0.1703
No cars or vans in household,Bromsgrove,0.1246
No cars or vans in household,Bromley and Chislehurst,0.2378
No cars or vans in household,Broadland,0.1033
No cars or vans in household,Bristol West,0.3608
No cars or vans in household,Bristol South,0.2971
No cars or vans in household,Bristol North West,0.234
No cars or vans in household,Bristol East,0.2416
No cars or vans in household,"Brighton, Pavilion",0.4024
No cars or vans in household,"Brighton, Kemptown",0.3564
No cars or vans in household,Brigg and Goole,0.1785
No cars or vans in household,Bridgwater and West Somerset,0.1751
No cars or vans in household,Bridgend,0.2015
No cars or vans in household,Brentwood and Ongar,0.1398
No cars or vans in household,Brentford and Isleworth,0.3394
No cars or vans in household,Brent North,0.312
No cars or vans in household,Brent Central,0.4876
No cars or vans in household,Brecon and Radnorshire,0.1515
No cars or vans in household,Braintree,0.1503
No cars or vans in household,Bradford West,0.3856
No cars or vans in household,Bradford South,0.3203
No cars or vans in household,Bradford East,0.3667
No cars or vans in household,Bracknell,0.1415
No cars or vans in household,Bournemouth West,0.2577
No cars or vans in household,Bournemouth East,0.2506
No cars or vans in household,Bosworth,0.1494
No cars or vans in household,Boston and Skegness,0.221
No cars or vans in household,Bootle,0.418
No cars or vans in household,Bolton West,0.2058
No cars or vans in household,Bolton South East,0.3317
No cars or vans in household,Bolton North East,0.3167
No cars or vans in household,Bolsover,0.2289
No cars or vans in household,Bognor Regis and Littlehampton,0.2215
No cars or vans in household,Blyth Valley,0.2535
No cars or vans in household,Blaydon,0.2816
No cars or vans in household,Blaenau Gwent,0.2897
No cars or vans in household,Blackpool South,0.3815
No cars or vans in household,Blackpool North and Cleveleys,0.3143
No cars or vans in household,Blackley and Broughton,0.4815
No cars or vans in household,Blackburn,0.332
No cars or vans in household,Bishop Auckland,0.2684
No cars or vans in household,"Birmingham, Yardley",0.3486
No cars or vans in household,"Birmingham, Selly Oak",0.3306
No cars or vans in household,"Birmingham, Perry Barr",0.3443
No cars or vans in household,"Birmingham, Northfield",0.3426
No cars or vans in household,"Birmingham, Ladywood",0.5427
No cars or vans in household,"Birmingham, Hodge Hill",0.3981
No cars or vans in household,"Birmingham, Hall Green",0.3383
No cars or vans in household,"Birmingham, Erdington",0.3928
No cars or vans in household,"Birmingham, Edgbaston",0.3481
No cars or vans in household,Birkenhead,0.3871
No cars or vans in household,Bexleyheath and Crayford,0.2356
No cars or vans in household,Bexhill and Battle,0.1737
No cars or vans in household,Beverley and Holderness,0.159
No cars or vans in household,Bethnal Green and Bow,0.667
No cars or vans in household,"Berwickshire, Roxburgh and Selkirk",0.2098
No cars or vans in household,Berwick-upon-Tweed,0.1912
No cars or vans in household,Bermondsey and Old Southwark,0.6355
No cars or vans in household,Belfast West,0.446
No cars or vans in household,Belfast South,0.2931
No cars or vans in household,Belfast North,0.4073
No cars or vans in household,Belfast East,0.2853
No cars or vans in household,Bedford,0.2679
No cars or vans in household,Beckenham,0.1941
No cars or vans in household,Beaconsfield,0.1058
No cars or vans in household,Battersea,0.4956
No cars or vans in household,Batley and Spen,0.2516
No cars or vans in household,Bath,0.2999
No cars or vans in household,Bassetlaw,0.2092
No cars or vans in household,Basingstoke,0.1834
No cars or vans in household,Basildon and Billericay,0.2219
No cars or vans in household,Barrow and Furness,0.267
No cars or vans in household,Barnsley East,0.276
No cars or vans in household,Barnsley Central,0.2903
No cars or vans in household,Barking,0.4124
No cars or vans in household,Banff and Buchan,0.2002
No cars or vans in household,Banbury,0.1618
No cars or vans in household,"Ayr, Carrick and Cumnock",0.2861
No cars or vans in household,Aylesbury,0.1544
No cars or vans in household,Ashton-under-Lyne,0.3337
No cars or vans in household,Ashford,0.1622
No cars or vans in household,Ashfield,0.2354
No cars or vans in household,Arundel and South Downs,0.1035
No cars or vans in household,Argyll and Bute,0.2339
No cars or vans in household,Arfon,0.236
No cars or vans in household,Angus,0.2624
No cars or vans in household,Amber Valley,0.2104
No cars or vans in household,Alyn and Deeside,0.1708
No cars or vans in household,Altrincham and Sale West,0.16
No cars or vans in household,Aldridge-Brownhills,0.1913
No cars or vans in household,Aldershot,0.1583
No cars or vans in household,Airdrie and Shotts,0.2984
No cars or vans in household,Aberdeen South,0.2779
No cars or vans in household,Aberdeen North,0.3959
No cars or vans in household,Aberconwy,0.2239
No cars or vans in household,Aberavon,0.2789
